{"train/epoch":0.15384615384615385,"train/global_step":2,"_runtime":1.7917083379999998,"train/grad_norm":Infinity,"train/learning_rate":2e-05,"train/loss":2.5288,"_step":1,"_wandb":{"runtime":2},"_timestamp":1.7462906034595335e+09}