{"train_runtime":13.8872,"train/loss":4.211,"_step":39,"train/epoch":3,"train/global_step":39,"_runtime":13.450949378,"total_flos":3.38258109136896e+14,"_timestamp":1.746291181486139e+09,"train_samples_per_second":2.808,"train_steps_per_second":2.808,"train_loss":3.214703474289332,"_wandb":{"runtime":197},"train/grad_norm":2.951573133468628,"train/learning_rate":1.5384615384615387e-06}